<?xml version="1.0"?>
<doc>
    <assembly>
        <name>SimplifyXml</name>
    </assembly>
    <members>
        <member name="M:SimplifyXml.Xml.CreateXmlDoucment">
            <summary>
            创建一个XML文件对象，并添加描述内容，返回一个XmlDocument
            </summary>
            <returns></returns>
        </member>
        <member name="M:SimplifyXml.Xml.AppendRootNode(System.Xml.XmlDocument,System.String)">
            <summary>
            创建根节点，返回XmlElement
            </summary>
            <param name="doc"></param>
            <param name="RootName"></param>
            <returns></returns>
        </member>
        <member name="M:SimplifyXml.Xml.AppendChildNode(System.Xml.XmlDocument,System.Xml.XmlElement,System.String)">
            <summary>
            创建子节点，返回XmlElement
            </summary>
            <param name="doc"></param>
            <param name="RootName"></param>
            <param name="ChildName"></param>
            <returns></returns>
        </member>
        <member name="M:SimplifyXml.Xml.ChangeNodeInnerText(System.Xml.XmlElement,System.String)">
            <summary>
            改变标签内的内容
            </summary>
            <param name="r"></param>
            <param name="InnerText"></param>
        </member>
        <member name="M:SimplifyXml.Xml.SetAttribute(System.Xml.XmlElement,System.String,System.String)">
            <summary>
            设置属性，并且有属性内容
            </summary>
            <param name="r"></param>
            <param name="AttributeName"></param>
            <param name="AttributeValue"></param>
        </member>
        <member name="M:SimplifyXml.Xml.SetAttribute(System.Xml.XmlElement,System.String)">
            <summary>
            设置一个无内容的属性
            </summary>
            <param name="r"></param>
            <param name="AttributeName"></param>
        </member>
        <member name="M:SimplifyXml.Xml.SaveXml(System.Xml.XmlDocument,System.String)">
            <summary>
            保存XML文件
            </summary>
            <param name="doc"></param>
            <param name="FileName"></param>
        </member>
    </members>
</doc>
